ID;nece1;nece7;nece13;nece19;nece1_2;nece7_2;nece13_2;nece19_2;nece1_3;nece7_3;nece13_3;nece19_3
1;5;4;4;4;3;3;3;4;3;3;3;3
2;5;5;5;5;-99;-99;-99;-99;4;4;3;4
3;4;5;4;4;3;2;3;5;5;3;3;3
4;-99;-99;-99;-99;5;5;5;5;5;4;4;4
5;5;4;4;4;-99;-99;-99;-99;-99;-99;-99;-99
6;5;5;5;5;-99;-99;-99;-99;-99;-99;-99;-99
7;3;5;4;3;-99;-99;-99;-99;-99;-99;-99;-99
8;-99;-99;-99;-99;3;3;3;5;5;3;3;3
9;4;5;5;4;5;5;5;5;5;5;5;5
10;4;3;3;3;3;3;3;3;3;2;1;1
11;1;5;5;1;4;4;4;3;3;3;4;5
12;-99;-99;-99;-99;4;3;3;3;3;3;2;5
13;-99;3;4;2;3;3;3;1;3;3;3;1
14;-99;-99;-99;-99;5;3;5;1;5;5;5;5
15;3;3;4;5;5;4;5;5;5;5;5;5
16;4;5;5;4;5;2;2;3;4;1;3;1
17;-99;-99;-99;-99;5;2;5;1;5;1;5;1
18;5;5;5;5;4;3;4;5;5;3;3;3
19;3;4;3;4;3;2;3;3;-99;-99;-99;-99
20;-99;-99;-99;-99;3;3;3;4;3;3;4;3
21;5;5;5;5;5;5;5;5;5;5;5;5
22;4;4;4;2;3;5;3;3;4;4;4;4
23;3;4;4;2;3;3;3;2;3;3;3;3
24;4;5;4;2;5;3;5;3;3;3;3;4
25;4;5;4;4;3;3;3;3;3;3;3;3
26;3;4;4;4;3;3;3;3;3;3;3;3
27;3;3;3;4;4;3;4;5;5;5;5;5
28;-99;-99;-99;-99;5;5;5;5;5;5;5;4
29;5;3;3;3;5;4;4;5;5;5;4;5
30;-99;-99;-99;-99;5;5;5;5;5;5;5;5
31;3;3;4;4;3;4;3;4;3;3;4;4
32;-99;-99;-99;-99;5;5;4;5;5;5;5;5
33;4;4;1;1;5;2;2;3;5;4;4;3
34;5;5;5;4;-99;-99;-99;-99;5;4;5;3
35;3;3;3;3;4;3;3;3;3;4;3;3
36;3;4;4;5;4;2;3;3;5;4;3;4
37;4;5;5;5;4;3;3;3;3;1;2;3
38;-99;-99;-99;-99;3;3;4;3;3;4;4;3
39;5;5;5;5;5;5;3;5;5;5;5;4
40;4;4;4;2;5;5;5;4;4;3;5;4
41;4;1;1;5;3;3;4;3;4;4;4;4
42;4;3;3;5;4;4;4;4;4;4;4;5
43;3;4;3;4;4;3;4;3;4;5;5;5
44;-99;-99;-99;-99;-99;-99;-99;-99;5;4;4;-99
45;-99;-99;-99;-99;5;4;4;4;5;5;5;4
46;5;3;4;1;3;3;3;3;3;3;3;4
47;5;5;5;5;-99;-99;-99;-99;2;-99;3;2
48;4;4;4;4;5;5;5;5;5;4;4;4
49;4;4;3;2;4;4;3;3;5;5;5;5
50;4;2;1;1;3;4;3;3;4;3;3;3
51;5;4;5;4;5;5;5;5;5;3;3;1
52;-99;-99;-99;-99;2;3;3;3;2;3;4;5
53;3;3;4;5;4;3;3;3;1;3;3;3
54;3;4;3;4;4;2;3;5;5;3;5;5
55;5;3;3;4;3;3;4;5;4;3;4;4
56;4;4;4;5;4;3;3;2;5;3;5;4
57;3;4;4;3;3;2;3;1;3;2;2;3
58;4;5;5;5;4;4;3;3;5;5;4;5
59;3;2;2;3;5;5;5;5;5;5;5;5
60;5;3;4;4;5;4;5;5;5;3;3;5
61;1;5;5;5;4;5;5;5;5;5;5;5
62;5;3;3;3;4;5;4;4;4;5;5;4
63;-99;-99;-99;-99;1;2;2;3;3;3;3;3
64;5;5;5;3;4;4;4;5;5;2;4;5
65;3;3;2;5;4;5;5;5;5;4;3;3
66;-99;-99;-99;-99;3;3;3;3;3;3;2;4
67;5;5;5;4;3;4;4;3;4;4;4;4
68;5;5;5;5;-99;-99;-99;-99;3;3;3;3
69;3;-99;5;5;4;5;5;5;5;5;5;5
70;5;5;5;4;4;2;3;3;4;3;3;2
71;4;5;5;3;4;4;4;4;4;2;4;5
72;4;5;5;5;3;3;3;4;3;4;4;4
73;3;3;3;5;5;5;5;5;5;4;5;5
74;4;2;3;3;4;5;3;3;3;4;2;3
75;4;4;3;5;4;5;4;4;4;5;5;5
76;5;3;5;5;4;3;4;3;4;4;4;4
77;3;5;2;5;3;3;4;4;3;3;3;4
78;3;3;4;4;5;3;3;4;5;3;4;4
79;-99;-99;-99;-99;-99;-99;-99;-99;3;2;3;3
80;5;3;4;4;3;4;4;3;3;3;3;4
81;4;3;5;3;5;5;5;5;5;5;5;5
82;4;5;5;5;4;2;4;3;4;3;3;3
83;3;3;2;2;5;4;4;4;5;5;5;5
84;3;4;3;3;4;5;5;5;5;5;5;2
85;4;3;5;1;3;4;4;5;3;3;3;5
86;3;5;5;5;2;5;2;5;-99;3;4;5
87;4;5;5;5;3;4;3;3;5;2;4;2
88;5;5;5;4;4;4;4;5;3;3;4;5
89;3;3;3;3;3;3;3;4;4;4;4;4
90;3;3;3;4;4;4;-99;4;3;3;3;3
91;5;3;3;4;4;2;3;4;5;4;5;4
92;3;3;3;3;3;2;4;2;2;3;4;2
93;4;3;3;3;3;5;5;4;3;3;4;4
94;3;3;-99;3;3;5;5;3;4;5;5;4
95;5;5;5;3;3;3;3;3;3;3;3;3
96;5;5;5;4;3;4;4;3;3;4;3;5
97;-99;-99;-99;-99;4;4;4;3;5;3;4;4
98;4;3;3;3;5;5;5;5;5;5;5;5
99;3;3;3;3;5;4;3;5;4;2;4;-99
100;5;4;3;5;5;5;5;5;5;4;3;5
101;5;5;5;5;4;4;4;3;3;3;3;2
102;4;3;4;2;5;3;4;2;4;4;4;2
103;4;4;4;5;5;5;5;5;5;4;3;4
104;3;5;4;5;5;5;5;5;5;5;5;4
105;-99;-99;-99;-99;3;5;5;3;3;3;4;4
106;4;3;2;2;4;4;3;4;4;3;3;1
107;5;5;5;5;4;3;4;3;4;-99;-99;4
108;5;4;5;5;5;5;5;4;5;5;5;5
109;5;5;5;3;3;5;5;5;5;3;4;-99
110;2;4;3;1;1;5;5;3;4;4;3;4
111;3;3;3;3;3;3;3;3;4;3;2;4
112;4;4;4;3;3;3;3;3;4;5;5;2
113;5;5;5;5;3;3;3;3;3;3;4;4
114;-99;-99;-99;-99;5;5;5;5;5;5;5;5
115;5;5;5;5;3;2;5;4;5;4;1;1
116;3;4;4;3;4;3;5;4;3;3;2;3
117;1;3;3;4;5;5;5;5;5;5;5;5
118;4;4;4;4;-99;-99;-99;-99;4;5;1;3
119;4;4;5;3;4;4;4;4;4;4;4;3
120;5;4;2;3;4;3;5;5;5;3;4;5
121;-99;-99;-99;-99;5;5;5;5;5;4;5;5
122;3;4;1;5;4;3;4;4;4;4;4;3
123;-99;-99;-99;-99;4;2;3;4;2;3;3;3
124;4;1;5;1;4;5;4;5;4;5;4;5
125;3;3;3;3;4;3;3;3;4;3;4;3
126;5;5;4;5;3;5;5;3;5;5;4;5
127;4;2;3;3;4;3;3;3;5;3;-99;-99
128;4;3;3;4;4;5;4;5;5;5;5;5
129;3;3;3;4;5;4;5;3;3;5;5;5
130;3;4;5;5;3;4;3;3;1;-99;2;3
131;4;3;3;4;3;3;3;4;4;4;4;2
132;5;5;5;5;3;2;4;3;5;-99;4;3
133;5;5;5;5;5;5;5;5;5;-99;5;2
134;4;3;3;3;4;4;5;5;4;4;4;4
135;4;5;5;3;5;5;5;5;5;4;5;5
136;-99;-99;-99;-99;4;4;4;4;3;4;5;5
137;4;4;5;4;4;4;5;5;5;4;5;5
138;5;5;5;3;5;4;4;3;5;4;5;4
139;5;5;5;5;5;5;5;3;5;5;5;5
140;3;3;3;3;4;4;3;5;5;3;3;3
141;4;4;5;4;5;2;-99;4;5;5;5;5
142;1;1;5;3;5;5;5;5;5;5;5;5
143;3;3;3;3;1;5;1;5;5;3;3;3
144;4;3;4;4;3;5;5;1;5;1;2;3
145;5;5;5;5;5;5;4;5;4;3;4;4
146;-99;-99;-99;-99;4;3;3;2;4;4;4;4
147;4;3;4;2;4;3;3;3;5;5;5;4
148;5;5;3;5;5;4;5;3;5;4;5;1
149;4;4;3;3;3;3;3;3;3;2;3;4
150;5;5;5;5;3;2;1;2;3;5;1;1
151;5;4;4;4;5;2;5;5;5;5;-99;5
152;4;4;3;4;3;3;3;4;3;3;3;3
153;2;5;1;3;4;3;4;2;4;2;3;3
154;5;5;4;4;4;4;4;5;3;3;2;1
155;3;5;4;5;2;3;3;2;2;2;1;2
156;5;5;5;5;4;4;4;4;5;5;5;4
157;3;5;5;5;3;3;3;4;4;3;4;5
158;4;3;3;5;5;5;5;5;5;5;5;5
159;4;44;5;5;4;4;4;5;3;3;-99;3
160;5;5;5;5;4;5;4;2;4;4;4;3
161;2;2;2;3;4;3;3;4;5;3;4;4
162;-99;-99;-99;-99;5;4;3;4;5;5;4;4
163;3;3;3;3;2;3;3;3;2;3;3;4
164;-99;-99;-99;-99;5;3;5;5;5;5;5;4
165;-99;-99;-99;-99;4;5;4;5;5;5;5;5
166;3;5;4;2;5;5;5;5;5;5;5;5
167;-99;-99;-99;-99;4;3;3;3;-99;3;3;3
168;3;4;5;3;3;3;2;4;3;3;4;3
169;4;3;3;3;5;3;3;3;5;4;5;3
170;5;4;3;5;4;4;4;3;3;2;3;3
171;5;5;5;5;4;5;4;4;4;4;4;-99
172;4;4;4;5;5;5;5;5;5;5;5;5
173;5;4;5;5;5;-99;4;5;4;3;5;3
174;4;4;4;4;4;4;4;4;4;5;5;5
175;4;-99;4;4;5;5;5;4;4;4;5;5
176;5;4;4;4;3;3;3;3;3;3;3;3
177;5;4;5;5;4;5;5;5;4;4;5;5
178;5;5;5;3;5;5;4;5;4;4;4;5
179;4;2;3;2;5;4;4;5;5;5;5;5
180;1;3;3;3;4;4;4;3;3;4;4;4
181;-99;-99;-99;-99;4;3;3;3;4;4;3;4
182;-99;-99;-99;-99;4;4;4;4;4;3;3;4
183;4;3;3;4;4;5;5;4;4;5;-99;5
184;5;5;5;5;2;3;3;2;3;3;3;3
185;3;4;3;3;3;4;4;3;5;5;4;4
186;4;4;3;2;4;4;4;3;3;3;3;-99
187;5;5;5;5;3;4;4;4;3;4;4;3
188;4;3;3;1;4;2;3;3;4;5;4;4
189;5;5;5;5;4;3;3;3;3;3;3;3
190;5;5;5;5;4;5;5;3;2;4;2;3
191;4;5;4;5;5;4;4;1;1;5;4;3
192;5;5;5;5;2;5;4;3;1;2;4;4
193;5;5;4;5;5;4;4;3;4;4;4;3
194;3;5;4;2;3;5;5;-99;5;5;5;5
195;3;3;3;5;5;5;5;5;5;5;5;5
196;4;3;3;3;3;5;3;5;3;3;4;5
197;5;4;4;4;4;3;4;3;3;1;3;3
198;-99;-99;-99;-99;4;4;4;3;4;4;4;3
199;3;2;2;3;2;5;3;3;5;1;5;1
200;-99;5;5;5;5;4;5;4;5;5;5;5
201;-99;-99;-99;-99;5;3;4;4;5;5;5;3
202;3;3;3;3;3;3;3;3;4;3;3;3
203;3;4;3;5;3;2;3;3;3;2;3;3
204;3;3;3;3;1;3;4;4;3;3;4;2
205;4;5;5;2;4;4;4;3;3;4;3;4
206;5;1;3;3;4;2;3;3;4;3;3;4
207;5;5;4;5;3;3;3;1;4;3;3;1
208;5;5;4;5;4;4;2;4;4;4;3;3
209;5;5;5;5;5;5;5;5;4;-99;5;3
210;5;5;5;5;-99;-99;-99;-99;5;5;5;5
211;3;3;3;3;4;4;-99;3;4;3;3;3
212;5;5;5;4;4;4;4;3;3;3;3;4
213;-99;-99;-99;-99;-99;-99;-99;-99;5;5;4;5
214;4;3;3;4;5;5;5;5;5;5;5;5
215;4;4;3;4;5;5;5;5;5;5;5;5
216;4;4;4;3;5;5;5;4;4;3;4;5
217;-99;-99;-99;-99;5;4;5;5;5;5;5;5
218;4;4;3;4;5;5;5;5;5;5;5;5
219;3;3;4;2;2;5;4;5;4;4;5;5
220;4;3;5;2;4;4;4;3;3;3;4;3
221;3;5;4;5;3;3;3;4;3;4;4;3
222;5;5;5;5;5;5;5;4;5;4;4;3
223;4;2;4;4;4;4;4;3;4;4;4;2
224;4;5;5;2;4;2;4;1;3;4;5;5
225;5;3;3;3;4;2;3;3;4;3;3;3
226;3;4;4;3;3;2;3;3;3;3;3;3
227;3;4;3;1;-99;-99;-99;-99;5;5;5;5
228;-99;-99;-99;-99;5;5;5;4;4;5;5;5
229;5;5;5;4;5;4;4;-99;5;4;4;4
230;3;3;2;5;5;5;5;4;5;5;5;5
231;3;3;3;4;3;3;3;3;3;3;3;3
232;5;5;5;5;5;5;5;5;5;5;5;5
233;4;4;4;5;5;3;3;4;5;3;3;5
234;5;5;5;5;5;5;5;3;5;4;5;5
235;4;4;4;4;5;5;5;5;5;5;5;5
236;5;4;4;5;4;3;3;3;5;4;4;4
237;5;5;5;5;5;5;5;5;5;-99;5;5
238;5;-99;4;4;3;2;4;4;4;4;3;3
239;3;4;4;3;5;5;5;5;4;5;5;4
240;3;2;2;3;3;3;3;4;2;3;3;3
241;3;3;3;5;5;5;5;3;5;5;5;3
242;5;5;5;5;4;4;4;5;5;4;4;5
243;3;3;3;4;4;5;4;5;4;5;4;4
244;4;5;5;3;5;4;3;3;4;4;3;4
245;-99;-99;-99;-99;3;5;4;5;3;4;3;5
246;4;4;1;1;5;4;4;5;4;4;5;5
247;5;5;5;4;5;4;4;4;4;5;4;5
248;-99;-99;-99;-99;4;4;2;5;4;4;4;3
249;5;4;4;4;2;4;2;4;4;5;5;1
250;3;2;4;1;3;3;-99;3;1;2;3;1
251;4;5;4;4;3;3;3;4;3;3;2;3
252;5;5;5;5;3;3;3;3;3;3;3;2
253;5;3;5;4;5;5;5;5;5;5;5;5
254;5;5;3;5;5;5;5;5;5;5;5;5
255;5;3;1;5;4;3;3;3;5;4;4;4
256;-99;-99;-99;-99;4;4;4;3;3;4;3;4
257;4;5;4;3;4;3;5;5;5;5;5;5
258;3;5;4;4;4;3;3;4;4;4;4;3
259;5;5;5;3;5;5;5;5;5;5;5;5
260;5;5;5;5;3;3;4;3;5;4;5;3
261;4;4;4;3;4;5;4;5;3;3;3;3
262;4;3;5;4;5;5;5;5;5;4;5;5
263;4;4;4;4;4;4;4;4;4;4;4;3
264;-99;-99;-99;-99;3;4;3;3;3;3;3;1
265;5;4;4;2;4;4;4;4;5;4;4;4
266;5;5;5;5;5;2;2;4;3;3;3;-99
267;3;4;3;5;4;3;4;4;4;3;3;4
268;-99;-99;-99;-99;5;5;5;4;5;5;4;4
269;3;3;4;3;5;5;5;5;5;5;5;5
270;5;5;5;5;4;4;4;4;4;3;5;4
271;5;5;5;5;5;5;5;4;5;5;5;4
272;4;4;3;3;5;4;4;4;4;-99;3;3
273;4;5;5;3;4;4;4;4;3;3;3;3
274;3;3;4;5;3;3;3;4;5;5;5;5
275;3;4;5;5;5;5;4;4;4;5;4;4
276;1;4;3;2;3;2;4;5;4;3;3;3
277;3;3;3;4;3;5;5;3;3;5;5;3
278;5;4;5;5;3;3;5;3;4;4;4;4
279;4;5;5;5;-99;-99;-99;-99;4;4;4;4
280;-99;-99;-99;-99;4;3;4;4;4;3;3;4
281;3;5;5;5;1;5;5;5;5;5;5;5
282;5;5;4;3;5;5;5;5;4;3;3;3
283;3;4;1;4;4;3;3;3;4;3;3;3
284;4;4;4;4;5;5;3;5;3;3;3;3
285;5;5;5;5;-99;4;1;4;3;4;4;3
286;5;4;4;4;5;5;5;5;5;5;5;5
287;5;5;5;5;4;3;4;3;4;3;3;3
288;5;4;5;4;3;4;5;5;3;3;2;5
289;5;5;5;5;5;5;3;4;3;3;3;3
290;4;2;3;3;4;5;4;4;4;4;5;5
291;3;4;4;3;5;5;5;5;5;-99;5;5
292;5;4;5;5;-99;-99;-99;-99;3;5;5;5
293;-99;-99;-99;-99;5;3;3;3;5;3;3;5
294;5;5;5;5;3;3;3;4;4;3;3;4
295;-99;-99;-99;-99;-99;-99;-99;-99;4;3;4;5
296;5;5;5;5;3;3;3;5;-99;3;3;4
297;3;5;4;5;5;3;5;5;5;5;2;5
298;4;4;4;4;3;3;3;3;3;3;3;3
299;4;4;4;4;5;5;4;4;5;5;5;5
300;5;-99;3;3;4;2;3;5;3;3;3;4
301;3;2;4;3;3;3;4;3;4;3;3;3
302;3;4;4;4;4;3;3;3;3;3;4;4
303;5;5;5;5;5;4;5;5;3;3;3;5
304;4;4;4;5;-99;-99;-99;-99;4;3;5;4
305;4;4;4;3;5;4;5;5;5;5;5;5
306;5;3;3;3;5;4;4;5;4;4;3;5
307;5;4;3;4;3;2;3;4;2;3;3;4
308;-99;-99;-99;-99;4;5;4;4;5;5;5;5
309;5;5;5;3;4;4;4;4;5;4;3;5
310;4;5;5;4;3;3;3;3;5;3;3;3
311;-99;-99;-99;-99;-99;-99;-99;-99;4;4;4;4
312;5;2;5;3;5;5;5;5;5;5;5;4
313;5;5;5;5;5;5;5;3;5;5;5;5
314;4;4;4;3;3;3;3;3;4;3;3;3
315;5;4;4;4;-99;-99;-99;-99;5;5;3;4
316;-99;-99;-99;-99;5;5;5;5;5;4;4;4
317;5;3;4;5;5;5;5;5;5;5;4;5
318;4;3;4;3;5;4;4;4;5;4;4;5
319;4;4;5;4;4;3;4;3;4;3;3;4
320;4;4;4;3;4;4;5;4;-99;-99;-99;-99
321;4;3;3;4;5;2;5;5;1;1;1;2
322;-99;-99;-99;-99;5;3;1;3;4;4;4;4
323;-99;-99;-99;-99;5;4;3;5;4;4;4;5
324;-99;-99;-99;-99;5;3;4;5;3;3;3;3
325;5;3;3;4;5;4;5;1;5;5;5;5
326;3;3;5;6;4;4;4;3;5;5;4;4
327;5;5;5;5;4;3;3;3;3;3;3;3
328;4;5;4;5;3;3;3;3;4;3;4;3
329;5;3;4;3;5;4;5;4;4;3;4;4
330;5;1;4;3;5;4;5;5;2;5;5;5
331;-99;-99;-99;-99;3;3;4;3;4;3;3;3
332;4;4;5;5;3;2;3;4;3;2;4;5
333;-99;-99;-99;-99;4;3;3;3;2;2;2;2
334;4;4;4;3;5;5;4;5;4;4;4;4
335;2;3;3;3;5;4;5;4;5;4;5;5
336;-99;-99;-99;-99;5;4;4;3;4;3;5;5
337;4;5;4;4;5;3;3;3;3;5;4;4
338;4;5;5;4;-99;-99;-99;-99;5;3;5;5
339;2;2;2;4;5;3;4;5;5;4;2;3
340;3;5;4;3;-99;-99;-99;-99;3;4;4;4
341;4;3;2;3;-99;-99;-99;-99;5;5;5;5
342;3;4;3;4;4;4;4;3;4;4;4;4
343;5;5;5;5;4;4;4;4;5;4;4;5
344;5;5;5;5;5;4;5;4;5;5;5;5
345;-99;-99;-99;-99;3;4;4;3;3;5;5;5
346;-99;-99;-99;-99;5;4;4;4;3;3;5;5
347;5;5;5;4;4;4;5;4;4;2;3;4
348;4;5;5;5;5;5;5;5;5;5;5;4
349;5;4;4;3;5;5;5;4;5;5;5;5
350;5;4;4;4;4;4;5;4;5;4;5;4
351;1;3;3;3;4;3;5;4;4;4;4;4
352;5;1;5;5;-99;-99;-99;-99;5;5;5;5
353;5;3;5;3;5;3;5;5;5;5;5;4
354;3;3;3;4;2;3;3;3;3;3;3;2
355;5;2;3;1;5;5;5;5;4;5;5;5
356;3;3;4;4;3;4;3;3;3;3;3;4
357;-99;-99;-99;-99;3;5;5;5;4;5;4;5
358;1;5;5;1;-99;-99;-99;-99;5;5;2;2
359;5;4;4;4;2;4;2;4;4;3;3;4
360;4;4;4;5;3;5;5;5;5;3;5;3
361;4;4;4;5;1;2;2;3;1;-99;5;2
362;-99;-99;-99;-99;3;3;3;3;3;3;3;3
363;5;4;4;1;5;5;5;5;5;5;3;5
364;5;5;5;4;-99;-99;-99;-99;5;4;5;5
365;-99;-99;-99;-99;4;5;5;3;4;5;4;4
366;4;4;4;4;-99;-99;-99;-99;5;5;5;5
367;3;3;2;2;4;3;4;3;3;2;3;3
368;3;3;5;3;3;2;3;2;5;3;4;3
369;5;2;4;4;5;5;5;5;-99;5;5;5
370;4;4;4;4;4;3;3;4;4;4;4;3
371;3;2;3;3;3;3;3;4;5;5;5;5
372;-99;-99;-99;-99;-99;-99;-99;-99;5;5;5;5
373;4;3;3;5;4;4;3;4;3;2;3;3
374;5;5;5;5;5;5;5;3;5;3;3;3
375;3;3;3;3;5;5;5;5;5;4;4;4
376;5;5;5;5;5;4;5;2;4;4;4;3
377;5;4;5;4;5;3;5;5;3;3;3;5
378;5;5;5;5;5;5;5;5;1;5;4;5
379;4;1;2;3;3;3;3;4;4;4;4;4
380;1;2;3;1;4;4;4;4;5;5;5;5
381;2;3;3;5;5;5;5;5;5;5;5;5
382;-99;-99;-99;-99;3;5;5;5;-99;-99;-99;-99
383;4;1;5;3;3;3;3;3;3;3;3;3
384;3;3;4;2;-99;-99;-99;-99;4;4;4;4
385;4;4;4;3;-99;-99;-99;-99;4;4;3;4
386;5;5;3;3;5;5;5;4;4;5;5;5
387;3;3;3;2;3;4;4;4;5;3;3;4
388;5;4;4;4;5;5;5;5;5;5;5;5
389;3;3;3;4;-99;4;4;4;5;4;3;3
390;3;2;2;3;5;3;5;4;2;3;4;4
391;5;4;4;2;4;4;5;3;5;5;5;5
392;3;4;3;4;5;5;5;4;5;5;5;5
393;3;5;5;4;4;2;3;3;3;3;3;4
394;5;5;5;4;4;3;3;3;4;3;3;3
395;4;4;5;3;5;4;4;5;5;4;5;5
396;5;2;5;3;5;5;5;5;5;5;5;5
397;4;5;4;4;5;3;5;5;5;5;5;5
398;4;5;5;5;5;5;5;-99;4;5;5;5
399;5;5;5;1;4;4;5;4;3;4;4;3
400;3;-99;3;3;4;3;3;5;1;1;1;1
401;5;4;4;5;5;5;3;5;5;1;5;3
402;3;3;3;3;3;5;5;5;5;1;5;5
403;3;5;5;1;3;3;3;3;3;3;3;3
404;5;5;5;3;5;5;5;4;5;4;3;4
405;4;3;3;4;-99;-99;-99;-99;3;5;5;5
406;3;3;3;3;5;5;5;5;5;5;5;5
407;-99;-99;-99;-99;3;2;3;4;3;3;3;3
408;4;3;5;3;-99;-99;-99;-99;5;5;5;5
409;-99;-99;-99;-99;4;5;4;4;3;3;4;3
410;5;4;5;5;-99;-99;-99;-99;5;5;5;5
411;5;5;4;5;5;5;5;5;5;3;3;4
412;3;3;5;4;-99;-99;-99;-99;5;5;5;5
413;4;4;4;4;5;5;5;5;5;5;5;5
414;3;3;4;3;5;3;3;3;4;2;4;4
415;-99;-99;-99;-99;3;5;5;4;4;4;4;3
416;2;4;3;3;3;4;4;4;4;5;5;5
417;5;3;5;5;2;3;2;4;3;4;2;3
418;5;4;5;5;5;1;4;5;1;3;5;5
419;5;4;5;5;5;5;3;5;5;5;5;5
420;-99;-99;-99;-99;-99;-99;-99;-99;5;5;5;4
421;4;4;4;4;3;3;2;4;3;3;-99;3
422;4;4;3;1;4;4;4;4;4;4;4;4
423;4;4;4;5;4;5;5;5;4;5;4;5
424;4;3;3;3;3;5;4;4;4;4;5;4
425;-99;-99;-99;-99;5;5;5;5;5;5;5;4
426;4;4;4;4;5;5;5;5;5;5;5;5
427;5;5;5;5;5;5;4;5;4;5;5;4
428;5;5;5;5;5;5;5;4;1;1;1;3
429;5;5;5;5;4;5;4;4;2;2;4;3
430;3;4;3;3;5;5;5;5;5;5;5;5
431;5;5;3;1;5;3;4;4;4;3;4;4
432;3;4;4;4;5;5;5;5;5;4;5;5
433;4;3;5;1;4;5;4;4;3;4;4;4
434;-99;-99;-99;-99;3;3;1;3;3;3;3;3
435;4;3;5;2;-99;-99;-99;-99;5;4;4;4
436;3;4;4;3;5;3;2;4;5;3;4;5
437;3;1;1;1;4;4;4;3;4;3;4;3
438;4;3;3;2;3;2;2;1;3;3;2;3
439;3;3;3;3;4;4;5;5;5;5;5;5
440;4;4;3;3;5;5;5;5;5;5;4;-99
441;4;3;4;3;-99;-99;-99;-99;5;5;5;5
442;-99;-99;-99;-99;-99;-99;-99;-99;3;3;3;4
443;5;4;4;3;5;5;5;5;3;3;4;3
444;-99;-99;-99;-99;-99;-99;-99;-99;5;4;4;5
445;5;5;5;5;4;5;5;4;4;5;5;5
446;4;-99;4;4;-99;-99;-99;-99;5;5;5;5
447;4;3;3;3;4;3;4;4;4;4;4;4
448;4;3;-99;2;5;5;5;5;5;1;5;5
449;5;3;4;4;5;5;5;5;5;5;5;5
450;4;3;3;3;4;4;4;4;5;4;4;4
451;3;4;3;4;4;4;4;5;4;4;4;4
452;3;3;4;-99;-99;-99;-99;-99;5;4;4;4
453;3;2;3;3;3;4;4;4;3;4;5;4
454;5;4;4;4;5;3;3;5;4;4;3;4
455;5;5;5;5;3;3;3;3;3;3;3;2
456;4;3;4;5;5;5;5;5;5;2;3;5
457;4;4;4;4;3;4;3;3;3;3;5;5
458;4;3;3;3;3;5;5;3;3;3;1;5
459;-99;-99;-99;-99;2;3;2;3;3;4;4;4
460;5;3;5;1;5;5;5;5;5;5;5;5
461;4;4;3;2;5;5;5;5;5;5;5;5
462;5;5;5;3;5;4;4;4;5;4;5;5
463;4;3;4;5;3;3;3;3;4;4;5;3
464;5;5;5;5;5;5;5;5;5;5;5;5
465;-99;-99;-99;-99;-99;-99;-99;-99;5;5;4;5
466;5;5;5;5;-99;-99;-99;-99;5;5;5;5
467;3;5;5;4;-99;-99;-99;-99;5;4;5;4
468;4;4;4;4;1;3;3;1;1;3;3;3
469;5;5;5;5;3;4;4;4;4;4;4;4
470;5;4;3;5;4;4;4;4;4;3;3;4
471;5;4;5;5;5;5;4;5;-99;-99;-99;-99
472;5;5;5;5;5;5;5;5;5;3;5;5
473;2;3;3;3;4;5;5;5;4;-99;5;-99
474;5;5;5;5;4;3;3;4;3;2;2;3
475;2;4;3;4;3;1;3;3;2;1;3;2
476;4;3;3;3;3;3;3;3;4;2;2;2
477;5;5;5;5;1;2;3;3;1;1;1;5
478;4;3;3;4;5;3;4;3;5;5;4;5
479;4;5;5;5;5;3;5;4;5;4;5;4
480;3;2;3;3;-99;-99;-99;-99;4;4;4;4
481;5;4;4;4;5;5;5;5;4;5;5;3
482;4;4;4;5;3;3;3;2;5;5;4;3
483;3;1;1;1;4;4;3;3;5;5;5;4
484;4;4;3;-99;3;5;3;3;3;3;5;5
485;4;5;4;4;5;3;4;2;5;3;4;3
486;-99;-99;-99;-99;5;5;5;3;5;5;5;1
487;-99;-99;-99;-99;5;5;5;5;3;1;1;3
488;3;3;4;3;-99;-99;-99;-99;-99;-99;-99;-99
489;5;5;5;5;5;4;4;4;-99;-99;-99;-99
490;5;5;4;3;4;4;4;4;-99;-99;-99;-99
491;-99;-99;-99;-99;-99;-99;-99;-99;-99;-99;-99;-99
492;5;4;4;3;-99;-99;-99;-99;-99;-99;-99;-99
493;4;4;3;3;-99;-99;-99;-99;-99;-99;-99;-99
494;5;4;4;4;-99;-99;-99;-99;-99;-99;-99;-99
495;4;5;4;3;-99;-99;-99;-99;-99;-99;-99;-99
496;5;4;5;3;-99;-99;-99;-99;-99;-99;-99;-99
497;-99;-99;-99;-99;5;5;5;5;-99;-99;-99;-99
498;4;5;5;3;-99;-99;-99;-99;-99;-99;-99;-99
499;-99;-99;-99;-99;4;4;5;5;-99;-99;-99;-99
500;3;4;5;5;4;4;4;4;-99;-99;-99;-99
501;5;5;5;5;3;3;3;4;-99;-99;-99;-99
502;5;5;5;4;-99;-99;-99;-99;-99;-99;-99;-99
503;5;5;5;5;4;3;4;3;-99;-99;-99;-99
504;2;2;3;3;5;5;5;5;-99;-99;-99;-99
505;5;5;5;2;3;4;4;3;-99;-99;-99;-99
506;4;1;4;3;-99;-99;-99;-99;-99;-99;-99;-99
507;-99;-99;-99;-99;4;4;3;4;-99;-99;-99;-99
508;-99;-99;-99;-99;3;5;4;5;-99;-99;-99;-99
509;-99;-99;-99;-99;4;5;5;5;-99;-99;-99;-99
510;-99;-99;-99;-99;5;5;5;5;-99;-99;-99;-99
511;3;3;4;4;-99;-99;-99;-99;-99;-99;-99;-99
512;4;5;3;3;-99;-99;-99;-99;-99;-99;-99;-99
513;5;5;5;5;3;3;3;3;-99;-99;-99;-99
514;4;4;3;3;-99;-99;-99;-99;-99;-99;-99;-99
515;5;3;4;5;-99;-99;-99;-99;-99;-99;-99;-99
516;2;3;2;3;-99;-99;-99;-99;-99;-99;-99;-99
517;5;3;5;4;2;3;3;3;-99;-99;-99;-99
518;5;4;5;5;4;3;3;4;-99;-99;-99;-99
519;4;3;4;5;-99;-99;-99;-99;-99;-99;-99;-99
520;5;4;4;5;4;3;4;3;-99;-99;-99;-99
521;5;3;4;2;-99;-99;-99;-99;-99;-99;-99;-99
522;4;5;4;4;-99;-99;-99;-99;-99;-99;-99;-99
523;4;5;4;5;-99;-99;-99;-99;-99;-99;-99;-99
524;-99;-99;-99;-99;4;4;3;3;-99;-99;-99;-99
525;4;4;5;3;5;3;5;5;-99;-99;-99;-99
526;4;5;5;4;4;4;4;4;-99;-99;-99;-99
527;4;3;3;5;-99;-99;-99;-99;-99;-99;-99;-99
528;-99;-99;-99;-99;4;4;3;2;-99;-99;-99;-99
529;-99;-99;-99;-99;5;5;5;5;-99;-99;-99;-99
530;4;4;3;5;-99;-99;-99;-99;-99;-99;-99;-99
531;5;4;4;4;-99;-99;-99;-99;-99;-99;-99;-99
532;5;5;4;5;-99;-99;-99;-99;-99;-99;-99;-99
533;4;4;4;5;-99;-99;-99;-99;-99;-99;-99;-99
534;4;3;3;3;-99;-99;-99;-99;-99;-99;-99;-99
535;3;2;3;3;-99;-99;-99;-99;-99;-99;-99;-99
536;-99;-99;-99;-99;5;5;5;5;-99;-99;-99;-99
537;-99;-99;-99;-99;3;3;3;4;-99;-99;-99;-99
538;4;3;3;3;-99;-99;-99;-99;-99;-99;-99;-99
539;5;5;5;4;4;3;3;3;-99;-99;-99;-99
540;4;3;3;4;-99;-99;-99;-99;-99;-99;-99;-99
541;1;4;3;4;3;3;3;3;-99;-99;-99;-99
542;5;5;5;5;-99;-99;-99;-99;-99;-99;-99;-99
543;-99;-99;-99;-99;5;4;5;5;-99;-99;-99;-99
544;-99;-99;-99;-99;4;5;3;2;-99;-99;-99;-99
545;-99;-99;-99;-99;-99;-99;-99;-99;-99;-99;-99;-99
546;5;5;5;5;2;3;3;3;-99;-99;-99;-99
547;-99;-99;-99;-99;-99;-99;-99;-99;-99;-99;-99;-99
548;2;3;2;3;-99;-99;-99;-99;-99;-99;-99;-99
549;4;3;5;4;-99;-99;-99;-99;-99;-99;-99;-99
550;5;5;4;5;-99;-99;-99;-99;-99;-99;-99;-99
551;-99;-99;-99;-99;-99;-99;-99;-99;-99;-99;-99;-99
552;5;4;5;5;-99;-99;-99;-99;-99;-99;-99;-99
553;-99;-99;-99;-99;3;3;3;3;-99;-99;-99;-99
554;-99;-99;-99;-99;-99;-99;-99;-99;-99;-99;-99;-99
555;4;4;4;5;-99;-99;-99;-99;-99;-99;-99;-99
556;3;3;3;5;4;4;4;2;-99;-99;-99;-99
557;4;4;3;5;-99;-99;-99;-99;-99;-99;-99;-99
558;-99;-99;-99;-99;5;4;5;5;-99;-99;-99;-99
559;3;3;4;4;4;4;4;4;-99;-99;-99;-99
560;4;3;3;3;-99;-99;-99;-99;-99;-99;-99;-99
561;5;5;5;5;-99;-99;-99;-99;-99;-99;-99;-99
562;5;5;5;5;5;4;5;5;-99;-99;-99;-99
563;3;4;5;4;-99;-99;-99;-99;-99;-99;-99;-99
564;3;2;3;1;5;5;5;4;-99;-99;-99;-99
565;4;3;5;5;-99;-99;-99;-99;-99;-99;-99;-99
566;5;5;3;4;5;3;5;3;-99;-99;-99;-99
567;4;4;4;4;5;4;4;5;-99;-99;-99;-99
568;5;5;4;5;5;5;4;5;-99;-99;-99;-99
569;-99;-99;-99;-99;-99;-99;-99;-99;-99;-99;-99;-99
570;4;4;5;3;5;3;3;3;-99;-99;-99;-99
571;-99;-99;-99;-99;5;5;5;4;-99;-99;-99;-99
572;3;5;4;3;-99;-99;-99;-99;-99;-99;-99;-99
573;-99;-99;-99;-99;3;2;3;3;-99;-99;-99;-99
574;5;5;5;5;4;4;2;3;-99;-99;-99;-99
575;5;5;4;4;-99;-99;-99;-99;-99;-99;-99;-99
576;4;3;4;3;3;4;3;2;-99;-99;-99;-99
577;-99;-99;-99;-99;-99;-99;-99;-99;-99;-99;-99;-99
578;5;3;3;3;-99;-99;-99;-99;-99;-99;-99;-99
579;-99;-99;-99;-99;5;5;5;5;-99;-99;-99;-99
580;3;5;4;2;-99;-99;-99;-99;-99;-99;-99;-99
581;5;5;5;3;-99;-99;-99;-99;-99;-99;-99;-99
582;2;2;2;3;5;5;4;4;-99;-99;-99;-99
583;5;3;4;5;4;4;4;1;-99;-99;-99;-99
584;4;5;5;4;-99;-99;-99;-99;-99;-99;-99;-99
585;5;5;5;5;-99;-99;-99;-99;-99;-99;-99;-99
586;4;5;4;5;-99;-99;-99;-99;-99;-99;-99;-99
587;4;4;3;5;5;4;5;4;-99;-99;-99;-99
588;4;4;4;3;-99;-99;-99;-99;-99;-99;-99;-99
589;5;5;5;5;5;5;5;5;-99;-99;-99;-99
590;-99;-99;-99;-99;2;5;3;3;-99;-99;-99;-99
591;3;4;4;5;-99;-99;-99;-99;-99;-99;-99;-99
592;-99;-99;-99;-99;-99;-99;-99;-99;-99;-99;-99;-99
593;5;4;5;5;-99;-99;-99;-99;-99;-99;-99;-99
594;-99;-99;-99;-99;-99;-99;-99;-99;-99;-99;-99;-99
595;-99;-99;-99;-99;4;3;3;4;-99;-99;-99;-99
596;5;5;5;5;-99;-99;-99;-99;-99;-99;-99;-99
597;5;3;5;2;-99;-99;-99;-99;-99;-99;-99;-99
598;4;4;4;3;5;3;3;3;-99;-99;-99;-99
599;-99;-99;-99;-99;5;5;5;5;-99;-99;-99;-99
600;2;2;2;4;-99;-99;-99;-99;-99;-99;-99;-99
601;3;4;4;3;3;4;4;4;-99;-99;-99;-99
602;3;3;4;2;-99;-99;-99;-99;-99;-99;-99;-99
603;3;3;3;3;3;2;2;2;-99;-99;-99;-99
604;-99;-99;-99;-99;4;4;4;4;-99;-99;-99;-99
605;3;4;4;5;-99;-99;-99;-99;-99;-99;-99;-99
606;3;3;3;1;-99;-99;-99;-99;-99;-99;-99;-99
607;5;5;5;4;-99;-99;-99;-99;-99;-99;-99;-99
608;-99;-99;-99;-99;4;4;4;4;-99;-99;-99;-99
609;5;5;5;5;-99;-99;-99;-99;-99;-99;-99;-99
610;5;4;4;4;3;3;3;4;3;3;3;3
611;5;5;5;5;-99;-99;-99;-99;4;4;3;4
612;4;5;4;4;3;2;3;5;5;3;3;3
613;-99;-99;-99;-99;5;5;5;5;5;4;4;4
614;5;4;4;4;-99;-99;-99;-99;-99;-99;-99;-99
615;5;5;5;5;-99;-99;-99;-99;-99;-99;-99;-99
616;3;5;4;3;-99;-99;-99;-99;-99;-99;-99;-99
617;-99;-99;-99;-99;3;3;3;5;5;3;3;3
618;4;5;5;4;5;5;5;5;5;5;5;5
619;4;3;3;3;3;3;3;3;3;2;1;1
620;1;5;5;1;4;4;4;3;3;3;4;5
621;-99;-99;-99;-99;4;3;3;3;3;3;2;5
622;-99;3;4;2;3;3;3;1;3;3;3;1
623;-99;-99;-99;-99;5;3;5;1;5;5;5;5
624;3;3;4;5;5;4;5;5;5;5;5;5
625;4;5;5;4;5;2;2;3;4;1;3;1
626;-99;-99;-99;-99;5;2;5;1;5;1;5;1
627;5;5;5;5;4;3;4;5;5;3;3;3
628;3;4;3;4;3;2;3;3;-99;-99;-99;-99
629;-99;-99;-99;-99;3;3;3;4;3;3;4;3
630;5;5;5;5;5;5;5;5;5;5;5;5
631;4;4;4;2;3;5;3;3;4;4;4;4
632;3;4;4;2;3;3;3;2;3;3;3;3
633;4;5;4;2;5;3;5;3;3;3;3;4
634;4;5;4;4;3;3;3;3;3;3;3;3
635;3;4;4;4;3;3;3;3;3;3;3;3
636;3;3;3;4;4;3;4;5;5;5;5;5
637;-99;-99;-99;-99;5;5;5;5;5;5;5;4
638;5;3;3;3;5;4;4;5;5;5;4;5
639;-99;-99;-99;-99;5;5;5;5;5;5;5;5
640;3;3;4;4;3;4;3;4;3;3;4;4
641;-99;-99;-99;-99;5;5;4;5;5;5;5;5
642;4;4;1;1;5;2;2;3;5;4;4;3
643;5;5;5;4;-99;-99;-99;-99;5;4;5;3
644;3;3;3;3;4;3;3;3;3;4;3;3
645;3;4;4;5;4;2;3;3;5;4;3;4
646;4;5;5;5;4;3;3;3;3;1;2;3
647;-99;-99;-99;-99;3;3;4;3;3;4;4;3
648;5;5;5;5;5;5;3;5;5;5;5;4
649;4;4;4;2;5;5;5;4;4;3;5;4
650;4;1;1;5;3;3;4;3;4;4;4;4
651;4;3;3;5;4;4;4;4;4;4;4;5
652;3;4;3;4;4;3;4;3;4;5;5;5
653;-99;-99;-99;-99;-99;-99;-99;-99;5;4;4;-99
654;-99;-99;-99;-99;5;4;4;4;5;5;5;4
655;5;3;4;1;3;3;3;3;3;3;3;4
656;5;5;5;5;-99;-99;-99;-99;2;-99;3;2
657;4;4;4;4;5;5;5;5;5;4;4;4
658;4;4;3;2;4;4;3;3;5;5;5;5
659;4;2;1;1;3;4;3;3;4;3;3;3
660;5;4;5;4;5;5;5;5;5;3;3;1
661;-99;-99;-99;-99;2;3;3;3;2;3;4;5
662;3;3;4;5;4;3;3;3;1;3;3;3
663;3;4;3;4;4;2;3;5;5;3;5;5
664;5;3;3;4;3;3;4;5;4;3;4;4
665;4;4;4;5;4;3;3;2;5;3;5;4
666;3;4;4;3;3;2;3;1;3;2;2;3
667;4;5;5;5;4;4;3;3;5;5;4;5
668;3;2;2;3;5;5;5;5;5;5;5;5
669;5;3;4;4;5;4;5;5;5;3;3;5
670;1;5;5;5;4;5;5;5;5;5;5;5
671;5;3;3;3;4;5;4;4;4;5;5;4
672;-99;-99;-99;-99;1;2;2;3;3;3;3;3
673;5;5;5;3;4;4;4;5;5;2;4;5
674;3;3;2;5;4;5;5;5;5;4;3;3
675;-99;-99;-99;-99;3;3;3;3;3;3;2;4
676;5;5;5;4;3;4;4;3;4;4;4;4
677;5;5;5;5;-99;-99;-99;-99;3;3;3;3
678;3;-99;5;5;4;5;5;5;5;5;5;5
679;5;5;5;4;4;2;3;3;4;3;3;2
680;4;5;5;3;4;4;4;4;4;2;4;5
681;4;5;5;5;3;3;3;4;3;4;4;4
682;3;3;3;5;5;5;5;5;5;4;5;5
683;4;2;3;3;4;5;3;3;3;4;2;3
684;4;4;3;5;4;5;4;4;4;5;5;5
685;5;3;5;5;4;3;4;3;4;4;4;4
686;3;5;2;5;3;3;4;4;3;3;3;4
687;3;3;4;4;5;3;3;4;5;3;4;4
688;-99;-99;-99;-99;-99;-99;-99;-99;3;2;3;3
689;5;3;4;4;3;4;4;3;3;3;3;4
690;4;3;5;3;5;5;5;5;5;5;5;5
691;4;5;5;5;4;2;4;3;4;3;3;3
692;3;3;2;2;5;4;4;4;5;5;5;5
693;3;4;3;3;4;5;5;5;5;5;5;2
694;4;3;5;1;3;4;4;5;3;3;3;5
695;3;5;5;5;2;5;2;5;-99;3;4;5
696;4;5;5;5;3;4;3;3;5;2;4;2
697;5;5;5;4;4;4;4;5;3;3;4;5
698;3;3;3;3;3;3;3;4;4;4;4;4
699;3;3;3;4;4;4;-99;4;3;3;3;3
700;5;3;3;4;4;2;3;4;5;4;5;4
701;3;3;3;3;3;2;4;2;2;3;4;2
702;4;3;3;3;3;5;5;4;3;3;4;4
703;3;3;-99;3;3;5;5;3;4;5;5;4
704;5;5;5;3;3;3;3;3;3;3;3;3
705;5;5;5;4;3;4;4;3;3;4;3;5
706;-99;-99;-99;-99;4;4;4;3;5;3;4;4
707;4;3;3;3;5;5;5;5;5;5;5;5
708;3;3;3;3;5;4;3;5;4;2;4;-99
709;5;4;3;5;5;5;5;5;5;4;3;5
710;5;5;5;5;4;4;4;3;3;3;3;2
711;4;3;4;2;5;3;4;2;4;4;4;2
712;4;4;4;5;5;5;5;5;5;4;3;4
713;3;5;4;5;5;5;5;5;5;5;5;4
714;-99;-99;-99;-99;3;5;5;3;3;3;4;4
715;4;3;2;2;4;4;3;4;4;3;3;1
716;5;5;5;5;4;3;4;3;4;-99;-99;4
717;5;4;5;5;5;5;5;4;5;5;5;5
718;5;5;5;3;3;5;5;5;5;3;4;-99
719;2;4;3;1;1;5;5;3;4;4;3;4
720;3;3;3;3;3;3;3;3;4;3;2;4
721;4;4;4;3;3;3;3;3;4;5;5;2
722;5;5;5;5;3;3;3;3;3;3;4;4
723;-99;-99;-99;-99;5;5;5;5;5;5;5;5
724;5;5;5;5;3;2;5;4;5;4;1;1
725;3;4;4;3;4;3;5;4;3;3;2;3
726;1;3;3;4;5;5;5;5;5;5;5;5
727;4;4;4;4;-99;-99;-99;-99;4;5;1;3
728;4;4;5;3;4;4;4;4;4;4;4;3
729;5;4;2;3;4;3;5;5;5;3;4;5
730;-99;-99;-99;-99;5;5;5;5;5;4;5;5
731;3;4;1;5;4;3;4;4;4;4;4;3
732;-99;-99;-99;-99;4;2;3;4;2;3;3;3
733;4;1;5;1;4;5;4;5;4;5;4;5
734;3;3;3;3;4;3;3;3;4;3;4;3
735;5;5;4;5;3;5;5;3;5;5;4;5
736;4;2;3;3;4;3;3;3;5;3;-99;-99
737;4;3;3;4;4;5;4;5;5;5;5;5
738;3;3;3;4;5;4;5;3;3;5;5;5
739;3;4;5;5;3;4;3;3;1;-99;2;3
740;4;3;3;4;3;3;3;4;4;4;4;2
741;5;5;5;5;3;2;4;3;5;-99;4;3
742;5;5;5;5;5;5;5;5;5;-99;5;2
743;4;3;3;3;4;4;5;5;4;4;4;4
744;4;5;5;3;5;5;5;5;5;4;5;5
745;-99;-99;-99;-99;4;4;4;4;3;4;5;5
746;4;4;5;4;4;4;5;5;5;4;5;5
747;5;5;5;3;5;4;4;3;5;4;5;4
748;5;5;5;5;5;5;5;3;5;5;5;5
749;3;3;3;3;4;4;3;5;5;3;3;3
750;4;4;5;4;5;2;-99;4;5;5;5;5
751;1;1;5;3;5;5;5;5;5;5;5;5
752;3;3;3;3;1;5;1;5;5;3;3;3
753;4;3;4;4;3;5;5;1;5;1;2;3
754;5;5;5;5;5;5;4;5;4;3;4;4
755;-99;-99;-99;-99;4;3;3;2;4;4;4;4
756;4;3;4;2;4;3;3;3;5;5;5;4
757;5;5;3;5;5;4;5;3;5;4;5;1
758;4;4;3;3;3;3;3;3;3;2;3;4
759;5;5;5;5;3;2;1;2;3;5;1;1
760;5;4;4;4;5;2;5;5;5;5;-99;5
761;4;4;3;4;3;3;3;4;3;3;3;3
762;2;5;1;3;4;3;4;2;4;2;3;3
763;5;5;4;4;4;4;4;5;3;3;2;1
764;3;5;4;5;2;3;3;2;2;2;1;2
765;5;5;5;5;4;4;4;4;5;5;5;4
766;3;5;5;5;3;3;3;4;4;3;4;5
767;4;3;3;5;5;5;5;5;5;5;5;5
768;4;44;5;5;4;4;4;5;3;3;-99;3
769;5;5;5;5;4;5;4;2;4;4;4;3
770;2;2;2;3;4;3;3;4;5;3;4;4
771;-99;-99;-99;-99;5;4;3;4;5;5;4;4
772;3;3;3;3;2;3;3;3;2;3;3;4
773;-99;-99;-99;-99;5;3;5;5;5;5;5;4
774;-99;-99;-99;-99;4;5;4;5;5;5;5;5
775;3;5;4;2;5;5;5;5;5;5;5;5
776;-99;-99;-99;-99;4;3;3;3;-99;3;3;3
777;3;4;5;3;3;3;2;4;3;3;4;3
778;4;3;3;3;5;3;3;3;5;4;5;3
779;5;4;3;5;4;4;4;3;3;2;3;3
780;5;5;5;5;4;5;4;4;4;4;4;-99
781;4;4;4;5;5;5;5;5;5;5;5;5
782;5;4;5;5;5;-99;4;5;4;3;5;3
783;4;4;4;4;4;4;4;4;4;5;5;5
784;4;-99;4;4;5;5;5;4;4;4;5;5
785;5;4;4;4;3;3;3;3;3;3;3;3
786;5;4;5;5;4;5;5;5;4;4;5;5
787;5;5;5;3;5;5;4;5;4;4;4;5
788;4;2;3;2;5;4;4;5;5;5;5;5
789;1;3;3;3;4;4;4;3;3;4;4;4
790;-99;-99;-99;-99;4;3;3;3;4;4;3;4
791;-99;-99;-99;-99;4;4;4;4;4;3;3;4
792;4;3;3;4;4;5;5;4;4;5;-99;5
793;5;5;5;5;2;3;3;2;3;3;3;3
794;3;4;3;3;3;4;4;3;5;5;4;4
795;4;4;3;2;4;4;4;3;3;3;3;-99
796;5;5;5;5;3;4;4;4;3;4;4;3
797;4;3;3;1;4;2;3;3;4;5;4;4
798;5;5;5;5;4;3;3;3;3;3;3;3
799;5;5;5;5;4;5;5;3;2;4;2;3
800;4;5;4;5;5;4;4;1;1;5;4;3
801;5;5;5;5;2;5;4;3;1;2;4;4
802;5;5;4;5;5;4;4;3;4;4;4;3
803;3;5;4;2;3;5;5;-99;5;5;5;5
804;3;3;3;5;5;5;5;5;5;5;5;5
805;4;3;3;3;3;5;3;5;3;3;4;5
806;5;4;4;4;4;3;4;3;3;1;3;3
807;-99;-99;-99;-99;4;4;4;3;4;4;4;3
808;3;2;2;3;2;5;3;3;5;1;5;1
809;-99;5;5;5;5;4;5;4;5;5;5;5
810;-99;-99;-99;-99;5;3;4;4;5;5;5;3
811;3;3;3;3;3;3;3;3;4;3;3;3
812;3;4;3;5;3;2;3;3;3;2;3;3
813;3;3;3;3;1;3;4;4;3;3;4;2
814;4;5;5;2;4;4;4;3;3;4;3;4
815;5;1;3;3;4;2;3;3;4;3;3;4
816;5;5;4;5;3;3;3;1;4;3;3;1
817;5;5;4;5;4;4;2;4;4;4;3;3
818;5;5;5;5;5;5;5;5;4;-99;5;3
819;5;5;5;5;-99;-99;-99;-99;5;5;5;5
820;3;3;3;3;4;4;-99;3;4;3;3;3
821;5;5;5;4;4;4;4;3;3;3;3;4
822;-99;-99;-99;-99;-99;-99;-99;-99;5;5;4;5
823;4;3;3;4;5;5;5;5;5;5;5;5
824;4;4;3;4;5;5;5;5;5;5;5;5
825;4;4;4;3;5;5;5;4;4;3;4;5
826;-99;-99;-99;-99;5;4;5;5;5;5;5;5
827;4;4;3;4;5;5;5;5;5;5;5;5
828;3;3;4;2;2;5;4;5;4;4;5;5
829;4;3;5;2;4;4;4;3;3;3;4;3
830;3;5;4;5;3;3;3;4;3;4;4;3
831;5;5;5;5;5;5;5;4;5;4;4;3
832;4;2;4;4;4;4;4;3;4;4;4;2
833;4;5;5;2;4;2;4;1;3;4;5;5
834;5;3;3;3;4;2;3;3;4;3;3;3
835;3;4;4;3;3;2;3;3;3;3;3;3
836;3;4;3;1;-99;-99;-99;-99;5;5;5;5
837;-99;-99;-99;-99;5;5;5;4;4;5;5;5
838;5;5;5;4;5;4;4;-99;5;4;4;4
839;3;3;2;5;5;5;5;4;5;5;5;5
840;3;3;3;4;3;3;3;3;3;3;3;3
841;5;5;5;5;5;5;5;5;5;5;5;5
842;4;4;4;5;5;3;3;4;5;3;3;5
843;5;5;5;5;5;5;5;3;5;4;5;5
844;4;4;4;4;5;5;5;5;5;5;5;5
845;5;4;4;5;4;3;3;3;5;4;4;4
846;5;5;5;5;5;5;5;5;5;-99;5;5
847;5;-99;4;4;3;2;4;4;4;4;3;3
848;3;4;4;3;5;5;5;5;4;5;5;4
849;3;2;2;3;3;3;3;4;2;3;3;3
850;3;3;3;5;5;5;5;3;5;5;5;3
851;5;5;5;5;4;4;4;5;5;4;4;5
852;3;3;3;4;4;5;4;5;4;5;4;4
853;4;5;5;3;5;4;3;3;4;4;3;4
854;-99;-99;-99;-99;3;5;4;5;3;4;3;5
855;4;4;1;1;5;4;4;5;4;4;5;5
856;5;5;5;4;5;4;4;4;4;5;4;5
857;-99;-99;-99;-99;4;4;2;5;4;4;4;3
858;5;4;4;4;2;4;2;4;4;5;5;1
859;3;2;4;1;3;3;-99;3;1;2;3;1
860;4;5;4;4;3;3;3;4;3;3;2;3
861;5;5;5;5;3;3;3;3;3;3;3;2
862;5;3;5;4;5;5;5;5;5;5;5;5
863;5;5;3;5;5;5;5;5;5;5;5;5
864;5;3;1;5;4;3;3;3;5;4;4;4
865;-99;-99;-99;-99;4;4;4;3;3;4;3;4
866;4;5;4;3;4;3;5;5;5;5;5;5
867;3;5;4;4;4;3;3;4;4;4;4;3
868;5;5;5;3;5;5;5;5;5;5;5;5
869;5;5;5;5;3;3;4;3;5;4;5;3
870;4;4;4;3;4;5;4;5;3;3;3;3
871;4;3;5;4;5;5;5;5;5;4;5;5
872;4;4;4;4;4;4;4;4;4;4;4;3
873;-99;-99;-99;-99;3;4;3;3;3;3;3;1
874;5;4;4;2;4;4;4;4;5;4;4;4
875;5;5;5;5;5;2;2;4;3;3;3;-99
876;3;4;3;5;4;3;4;4;4;3;3;4
877;-99;-99;-99;-99;5;5;5;4;5;5;4;4
878;3;3;4;3;5;5;5;5;5;5;5;5
879;5;5;5;5;4;4;4;4;4;3;5;4
880;5;5;5;5;5;5;5;4;5;5;5;4
881;4;4;3;3;5;4;4;4;4;-99;3;3
882;4;5;5;3;4;4;4;4;3;3;3;3
883;3;3;4;5;3;3;3;4;5;5;5;5
884;3;4;5;5;5;5;4;4;4;5;4;4
885;1;4;3;2;3;2;4;5;4;3;3;3
886;3;3;3;4;3;5;5;3;3;5;5;3
887;5;4;5;5;3;3;5;3;4;4;4;4
888;4;5;5;5;-99;-99;-99;-99;4;4;4;4
889;-99;-99;-99;-99;4;3;4;4;4;3;3;4
890;3;5;5;5;1;5;5;5;5;5;5;5
891;5;5;4;3;5;5;5;5;4;3;3;3
892;3;4;1;4;4;3;3;3;4;3;3;3
893;4;4;4;4;5;5;3;5;3;3;3;3
894;5;5;5;5;-99;4;1;4;3;4;4;3
895;5;4;4;4;5;5;5;5;5;5;5;5
896;5;5;5;5;4;3;4;3;4;3;3;3
897;5;4;5;4;3;4;5;5;3;3;2;5
898;5;5;5;5;5;5;3;4;3;3;3;3
899;4;2;3;3;4;5;4;4;4;4;5;5
900;3;4;4;3;5;5;5;5;5;-99;5;5
901;5;4;5;5;-99;-99;-99;-99;3;5;5;5
902;-99;-99;-99;-99;5;3;3;3;5;3;3;5
903;5;5;5;5;3;3;3;4;4;3;3;4
904;-99;-99;-99;-99;-99;-99;-99;-99;4;3;4;5
905;5;5;5;5;3;3;3;5;-99;3;3;4
906;3;5;4;5;5;3;5;5;5;5;2;5
907;4;4;4;4;3;3;3;3;3;3;3;3
908;4;4;4;4;5;5;4;4;5;5;5;5
909;5;-99;3;3;4;2;3;5;3;3;3;4
910;3;2;4;3;3;3;4;3;4;3;3;3
911;3;4;4;4;4;3;3;3;3;3;4;4
912;5;5;5;5;5;4;5;5;3;3;3;5
913;4;4;4;5;-99;-99;-99;-99;4;3;5;4
914;4;4;4;3;5;4;5;5;5;5;5;5
915;5;3;3;3;5;4;4;5;4;4;3;5
916;5;4;3;4;3;2;3;4;2;3;3;4
917;-99;-99;-99;-99;4;5;4;4;5;5;5;5
918;5;5;5;3;4;4;4;4;5;4;3;5
919;4;5;5;4;3;3;3;3;5;3;3;3
920;-99;-99;-99;-99;-99;-99;-99;-99;4;4;4;4
921;5;2;5;3;5;5;5;5;5;5;5;4
922;5;5;5;5;5;5;5;3;5;5;5;5
923;4;4;4;3;3;3;3;3;4;3;3;3
924;5;4;4;4;-99;-99;-99;-99;5;5;3;4
925;-99;-99;-99;-99;5;5;5;5;5;4;4;4
926;5;3;4;5;5;5;5;5;5;5;4;5
927;4;3;4;3;5;4;4;4;5;4;4;5
928;4;4;5;4;4;3;4;3;4;3;3;4
929;4;4;4;3;4;4;5;4;-99;-99;-99;-99
930;4;3;3;4;5;2;5;5;1;1;1;2
931;-99;-99;-99;-99;5;3;1;3;4;4;4;4
932;-99;-99;-99;-99;5;4;3;5;4;4;4;5
933;-99;-99;-99;-99;5;3;4;5;3;3;3;3
934;5;3;3;4;5;4;5;1;5;5;5;5
935;3;3;5;6;4;4;4;3;5;5;4;4
936;5;5;5;5;4;3;3;3;3;3;3;3
937;4;5;4;5;3;3;3;3;4;3;4;3
938;5;3;4;3;5;4;5;4;4;3;4;4
939;5;1;4;3;5;4;5;5;2;5;5;5
940;-99;-99;-99;-99;3;3;4;3;4;3;3;3
941;4;4;5;5;3;2;3;4;3;2;4;5
942;-99;-99;-99;-99;4;3;3;3;2;2;2;2
943;4;4;4;3;5;5;4;5;4;4;4;4
944;2;3;3;3;5;4;5;4;5;4;5;5
945;-99;-99;-99;-99;5;4;4;3;4;3;5;5
946;4;5;4;4;5;3;3;3;3;5;4;4
947;4;5;5;4;-99;-99;-99;-99;5;3;5;5
948;2;2;2;4;5;3;4;5;5;4;2;3
949;3;5;4;3;-99;-99;-99;-99;3;4;4;4
950;4;3;2;3;-99;-99;-99;-99;5;5;5;5
951;3;4;3;4;4;4;4;3;4;4;4;4
952;5;5;5;5;4;4;4;4;5;4;4;5
953;5;5;5;5;5;4;5;4;5;5;5;5
954;-99;-99;-99;-99;3;4;4;3;3;5;5;5
955;-99;-99;-99;-99;5;4;4;4;3;3;5;5
956;5;5;5;4;4;4;5;4;4;2;3;4
957;4;5;5;5;5;5;5;5;5;5;5;4
958;5;4;4;3;5;5;5;4;5;5;5;5
959;5;4;4;4;4;4;5;4;5;4;5;4
960;1;3;3;3;4;3;5;4;4;4;4;4
961;5;1;5;5;-99;-99;-99;-99;5;5;5;5
962;5;3;5;3;5;3;5;5;5;5;5;4
963;3;3;3;4;2;3;3;3;3;3;3;2
964;5;2;3;1;5;5;5;5;4;5;5;5
965;3;3;4;4;3;4;3;3;3;3;3;4
966;-99;-99;-99;-99;3;5;5;5;4;5;4;5
967;1;5;5;1;-99;-99;-99;-99;5;5;2;2
968;5;4;4;4;2;4;2;4;4;3;3;4
969;4;4;4;5;3;5;5;5;5;3;5;3
970;4;4;4;5;1;2;2;3;1;-99;5;2
971;-99;-99;-99;-99;3;3;3;3;3;3;3;3
972;5;4;4;1;5;5;5;5;5;5;3;5
973;5;5;5;4;-99;-99;-99;-99;5;4;5;5
974;-99;-99;-99;-99;4;5;5;3;4;5;4;4
975;4;4;4;4;-99;-99;-99;-99;5;5;5;5
976;3;3;2;2;4;3;4;3;3;2;3;3
977;3;3;5;3;3;2;3;2;5;3;4;3
978;5;2;4;4;5;5;5;5;-99;5;5;5
979;4;4;4;4;4;3;3;4;4;4;4;3
980;3;2;3;3;3;3;3;4;5;5;5;5
981;-99;-99;-99;-99;-99;-99;-99;-99;5;5;5;5
982;4;3;3;5;4;4;3;4;3;2;3;3
983;5;5;5;5;5;5;5;3;5;3;3;3
984;3;3;3;3;5;5;5;5;5;4;4;4
985;5;5;5;5;5;4;5;2;4;4;4;3
986;5;4;5;4;5;3;5;5;3;3;3;5
987;5;5;5;5;5;5;5;5;1;5;4;5
988;4;1;2;3;3;3;3;4;4;4;4;4
989;1;2;3;1;4;4;4;4;5;5;5;5
990;2;3;3;5;5;5;5;5;5;5;5;5
991;-99;-99;-99;-99;3;5;5;5;-99;-99;-99;-99
992;4;1;5;3;3;3;3;3;3;3;3;3
993;3;3;4;2;-99;-99;-99;-99;4;4;4;4
994;4;4;4;3;-99;-99;-99;-99;4;4;3;4
995;5;5;3;3;5;5;5;4;4;5;5;5
996;3;3;3;2;3;4;4;4;5;3;3;4
997;5;4;4;4;5;5;5;5;5;5;5;5
998;3;3;3;4;-99;4;4;4;5;4;3;3
999;3;2;2;3;5;3;5;4;2;3;4;4
1000;5;4;4;2;4;4;5;3;5;5;5;5
1001;3;4;3;4;5;5;5;4;5;5;5;5
1002;3;5;5;4;4;2;3;3;3;3;3;4
1003;5;5;5;4;4;3;3;3;4;3;3;3
1004;4;4;5;3;5;4;4;5;5;4;5;5
1005;5;2;5;3;5;5;5;5;5;5;5;5
1006;4;5;4;4;5;3;5;5;5;5;5;5
1007;4;5;5;5;5;5;5;-99;4;5;5;5
1008;5;5;5;1;4;4;5;4;3;4;4;3
1009;3;-99;3;3;4;3;3;5;1;1;1;1
1010;5;4;4;5;5;5;3;5;5;1;5;3
1011;3;3;3;3;3;5;5;5;5;1;5;5
1012;3;5;5;1;3;3;3;3;3;3;3;3
1013;5;5;5;3;5;5;5;4;5;4;3;4
1014;4;3;3;4;-99;-99;-99;-99;3;5;5;5
1015;3;3;3;3;5;5;5;5;5;5;5;5
1016;-99;-99;-99;-99;3;2;3;4;3;3;3;3
1017;4;3;5;3;-99;-99;-99;-99;5;5;5;5
1018;-99;-99;-99;-99;4;5;4;4;3;3;4;3
1019;5;4;5;5;-99;-99;-99;-99;5;5;5;5
1020;5;5;4;5;5;5;5;5;5;3;3;4
1021;3;3;5;4;-99;-99;-99;-99;5;5;5;5
1022;4;4;4;4;5;5;5;5;5;5;5;5
1023;3;3;4;3;5;3;3;3;4;2;4;4
1024;-99;-99;-99;-99;3;5;5;4;4;4;4;3
1025;2;4;3;3;3;4;4;4;4;5;5;5
1026;5;3;5;5;2;3;2;4;3;4;2;3
1027;5;4;5;5;5;1;4;5;1;3;5;5
1028;5;4;5;5;5;5;3;5;5;5;5;5
1029;-99;-99;-99;-99;-99;-99;-99;-99;5;5;5;4
1030;4;4;4;4;3;3;2;4;3;3;-99;3
1031;4;4;3;1;4;4;4;4;4;4;4;4
1032;4;4;4;5;4;5;5;5;4;5;4;5
1033;4;3;3;3;3;5;4;4;4;4;5;4
1034;-99;-99;-99;-99;5;5;5;5;5;5;5;4
1035;4;4;4;4;5;5;5;5;5;5;5;5
1036;5;5;5;5;5;5;4;5;4;5;5;4
1037;5;5;5;5;5;5;5;4;1;1;1;3
1038;5;5;5;5;4;5;4;4;2;2;4;3
1039;3;4;3;3;5;5;5;5;5;5;5;5
1040;5;5;3;1;5;3;4;4;4;3;4;4
1041;3;4;4;4;5;5;5;5;5;4;5;5
1042;4;3;5;1;4;5;4;4;3;4;4;4
1043;-99;-99;-99;-99;3;3;1;3;3;3;3;3
1044;4;3;5;2;-99;-99;-99;-99;5;4;4;4
1045;3;4;4;3;5;3;2;4;5;3;4;5
1046;3;1;1;1;4;4;4;3;4;3;4;3
1047;4;3;3;2;3;2;2;1;3;3;2;3
1048;3;3;3;3;4;4;5;5;5;5;5;5
1049;4;4;3;3;5;5;5;5;5;5;4;-99
1050;4;3;4;3;-99;-99;-99;-99;5;5;5;5
1051;-99;-99;-99;-99;-99;-99;-99;-99;3;3;3;4
1052;5;4;4;3;5;5;5;5;3;3;4;3
1053;-99;-99;-99;-99;-99;-99;-99;-99;5;4;4;5
1054;5;5;5;5;4;5;5;4;4;5;5;5
1055;4;-99;4;4;-99;-99;-99;-99;5;5;5;5
1056;4;3;3;3;4;3;4;4;4;4;4;4
1057;4;3;-99;2;5;5;5;5;5;1;5;5
1058;5;3;4;4;5;5;5;5;5;5;5;5
1059;4;3;3;3;4;4;4;4;5;4;4;4
1060;3;4;3;4;4;4;4;5;4;4;4;4
1061;3;3;4;-99;-99;-99;-99;-99;5;4;4;4
1062;3;2;3;3;3;4;4;4;3;4;5;4
1063;5;4;4;4;5;3;3;5;4;4;3;4
1064;5;5;5;5;3;3;3;3;3;3;3;2
1065;4;3;4;5;5;5;5;5;5;2;3;5
1066;4;4;4;4;3;4;3;3;3;3;5;5
1067;4;3;3;3;3;5;5;3;3;3;1;5
1068;-99;-99;-99;-99;2;3;2;3;3;4;4;4
1069;5;3;5;1;5;5;5;5;5;5;5;5
1070;4;4;3;2;5;5;5;5;5;5;5;5
1071;5;5;5;3;5;4;4;4;5;4;5;5
1072;4;3;4;5;3;3;3;3;4;4;5;3
1073;5;5;5;5;5;5;5;5;5;5;5;5
1074;-99;-99;-99;-99;-99;-99;-99;-99;5;5;4;5
1075;5;5;5;5;-99;-99;-99;-99;5;5;5;5
1076;3;5;5;4;-99;-99;-99;-99;5;4;5;4
1077;4;4;4;4;1;3;3;1;1;3;3;3
1078;5;5;5;5;3;4;4;4;4;4;4;4
1079;5;4;3;5;4;4;4;4;4;3;3;4
1080;5;4;5;5;5;5;4;5;-99;-99;-99;-99
1081;5;5;5;5;5;5;5;5;5;3;5;5
1082;2;3;3;3;4;5;5;5;4;-99;5;-99
1083;5;5;5;5;4;3;3;4;3;2;2;3
1084;2;4;3;4;3;1;3;3;2;1;3;2
1085;4;3;3;3;3;3;3;3;4;2;2;2
1086;5;5;5;5;1;2;3;3;1;1;1;5
1087;4;3;3;4;5;3;4;3;5;5;4;5
1088;4;5;5;5;5;3;5;4;5;4;5;4
1089;3;2;3;3;-99;-99;-99;-99;4;4;4;4
1090;5;4;4;4;5;5;5;5;4;5;5;3
1091;4;4;4;5;3;3;3;2;5;5;4;3
1092;3;1;1;1;4;4;3;3;5;5;5;4
1093;4;4;3;-99;3;5;3;3;3;3;5;5
1094;4;5;4;4;5;3;4;2;5;3;4;3
1095;-99;-99;-99;-99;5;5;5;3;5;5;5;1
1096;-99;-99;-99;-99;5;5;5;5;3;1;1;3
1097;3;3;4;3;-99;-99;-99;-99;-99;-99;-99;-99
1098;5;5;5;5;5;4;4;4;-99;-99;-99;-99
1099;5;5;4;3;4;4;4;4;-99;-99;-99;-99
1100;-99;-99;-99;-99;-99;-99;-99;-99;-99;-99;-99;-99
1101;5;4;4;3;-99;-99;-99;-99;-99;-99;-99;-99
1102;4;4;3;3;-99;-99;-99;-99;-99;-99;-99;-99
1103;5;4;4;4;-99;-99;-99;-99;-99;-99;-99;-99
1104;4;5;4;3;-99;-99;-99;-99;-99;-99;-99;-99
1105;5;4;5;3;-99;-99;-99;-99;-99;-99;-99;-99
1106;-99;-99;-99;-99;5;5;5;5;-99;-99;-99;-99
1107;4;5;5;3;-99;-99;-99;-99;-99;-99;-99;-99
1108;-99;-99;-99;-99;4;4;5;5;-99;-99;-99;-99
1109;3;4;5;5;4;4;4;4;-99;-99;-99;-99
1110;5;5;5;5;3;3;3;4;-99;-99;-99;-99
1111;5;5;5;4;-99;-99;-99;-99;-99;-99;-99;-99
1112;5;5;5;5;4;3;4;3;-99;-99;-99;-99
1113;2;2;3;3;5;5;5;5;-99;-99;-99;-99
1114;5;5;5;2;3;4;4;3;-99;-99;-99;-99
1115;4;1;4;3;-99;-99;-99;-99;-99;-99;-99;-99
1116;-99;-99;-99;-99;4;4;3;4;-99;-99;-99;-99
1117;-99;-99;-99;-99;3;5;4;5;-99;-99;-99;-99
1118;-99;-99;-99;-99;4;5;5;5;-99;-99;-99;-99
1119;-99;-99;-99;-99;5;5;5;5;-99;-99;-99;-99
1120;3;3;4;4;-99;-99;-99;-99;-99;-99;-99;-99
1121;4;5;3;3;-99;-99;-99;-99;-99;-99;-99;-99
1122;5;5;5;5;3;3;3;3;-99;-99;-99;-99
1123;4;4;3;3;-99;-99;-99;-99;-99;-99;-99;-99
1124;5;3;4;5;-99;-99;-99;-99;-99;-99;-99;-99
1125;2;3;2;3;-99;-99;-99;-99;-99;-99;-99;-99
1126;5;3;5;4;2;3;3;3;-99;-99;-99;-99
1127;5;4;5;5;4;3;3;4;-99;-99;-99;-99
1128;4;3;4;5;-99;-99;-99;-99;-99;-99;-99;-99
1129;5;4;4;5;4;3;4;3;-99;-99;-99;-99
1130;5;3;4;2;-99;-99;-99;-99;-99;-99;-99;-99
1131;4;5;4;4;-99;-99;-99;-99;-99;-99;-99;-99
1132;4;5;4;5;-99;-99;-99;-99;-99;-99;-99;-99
1133;-99;-99;-99;-99;4;4;3;3;-99;-99;-99;-99
1134;4;4;5;3;5;3;5;5;-99;-99;-99;-99
1135;4;5;5;4;4;4;4;4;-99;-99;-99;-99
1136;4;3;3;5;-99;-99;-99;-99;-99;-99;-99;-99
1137;-99;-99;-99;-99;4;4;3;2;-99;-99;-99;-99
1138;-99;-99;-99;-99;5;5;5;5;-99;-99;-99;-99
1139;4;4;3;5;-99;-99;-99;-99;-99;-99;-99;-99
1140;5;4;4;4;-99;-99;-99;-99;-99;-99;-99;-99
1141;5;5;4;5;-99;-99;-99;-99;-99;-99;-99;-99
1142;4;4;4;5;-99;-99;-99;-99;-99;-99;-99;-99
1143;4;3;3;3;-99;-99;-99;-99;-99;-99;-99;-99
1144;3;2;3;3;-99;-99;-99;-99;-99;-99;-99;-99
1145;-99;-99;-99;-99;5;5;5;5;-99;-99;-99;-99
1146;-99;-99;-99;-99;3;3;3;4;-99;-99;-99;-99
1147;4;3;3;3;-99;-99;-99;-99;-99;-99;-99;-99
1148;5;5;5;4;4;3;3;3;-99;-99;-99;-99
1149;4;3;3;4;-99;-99;-99;-99;-99;-99;-99;-99
1150;1;4;3;4;3;3;3;3;-99;-99;-99;-99
1151;5;5;5;5;-99;-99;-99;-99;-99;-99;-99;-99
1152;-99;-99;-99;-99;5;4;5;5;-99;-99;-99;-99
1153;-99;-99;-99;-99;4;5;3;2;-99;-99;-99;-99
1154;-99;-99;-99;-99;-99;-99;-99;-99;-99;-99;-99;-99
1155;5;5;5;5;2;3;3;3;-99;-99;-99;-99
1156;-99;-99;-99;-99;-99;-99;-99;-99;-99;-99;-99;-99
1157;2;3;2;3;-99;-99;-99;-99;-99;-99;-99;-99
1158;4;3;5;4;-99;-99;-99;-99;-99;-99;-99;-99
1159;5;5;4;5;-99;-99;-99;-99;-99;-99;-99;-99
1160;-99;-99;-99;-99;-99;-99;-99;-99;-99;-99;-99;-99
1161;5;4;5;5;-99;-99;-99;-99;-99;-99;-99;-99
1162;-99;-99;-99;-99;3;3;3;3;-99;-99;-99;-99
1163;-99;-99;-99;-99;-99;-99;-99;-99;-99;-99;-99;-99
1164;4;4;4;5;-99;-99;-99;-99;-99;-99;-99;-99
1165;3;3;3;5;4;4;4;2;-99;-99;-99;-99
1166;4;4;3;5;-99;-99;-99;-99;-99;-99;-99;-99
1167;-99;-99;-99;-99;5;4;5;5;-99;-99;-99;-99
1168;3;3;4;4;4;4;4;4;-99;-99;-99;-99
1169;4;3;3;3;-99;-99;-99;-99;-99;-99;-99;-99
1170;5;5;5;5;-99;-99;-99;-99;-99;-99;-99;-99
1171;5;5;5;5;5;4;5;5;-99;-99;-99;-99
1172;3;4;5;4;-99;-99;-99;-99;-99;-99;-99;-99
1173;3;2;3;1;5;5;5;4;-99;-99;-99;-99
1174;4;3;5;5;-99;-99;-99;-99;-99;-99;-99;-99
1175;5;5;3;4;5;3;5;3;-99;-99;-99;-99
1176;4;4;4;4;5;4;4;5;-99;-99;-99;-99
1177;5;5;4;5;5;5;4;5;-99;-99;-99;-99
1178;-99;-99;-99;-99;-99;-99;-99;-99;-99;-99;-99;-99
1179;4;4;5;3;5;3;3;3;-99;-99;-99;-99
1180;-99;-99;-99;-99;5;5;5;4;-99;-99;-99;-99
1181;3;5;4;3;-99;-99;-99;-99;-99;-99;-99;-99
1182;-99;-99;-99;-99;3;2;3;3;-99;-99;-99;-99
1183;5;5;5;5;4;4;2;3;-99;-99;-99;-99
1184;5;5;4;4;-99;-99;-99;-99;-99;-99;-99;-99
1185;4;3;4;3;3;4;3;2;-99;-99;-99;-99
1186;-99;-99;-99;-99;-99;-99;-99;-99;-99;-99;-99;-99
1187;5;3;3;3;-99;-99;-99;-99;-99;-99;-99;-99
1188;-99;-99;-99;-99;5;5;5;5;-99;-99;-99;-99
1189;3;5;4;2;-99;-99;-99;-99;-99;-99;-99;-99
1190;5;5;5;3;-99;-99;-99;-99;-99;-99;-99;-99
1191;2;2;2;3;5;5;4;4;-99;-99;-99;-99
1192;5;3;4;5;4;4;4;1;-99;-99;-99;-99
1193;4;5;5;4;-99;-99;-99;-99;-99;-99;-99;-99
1194;5;5;5;5;-99;-99;-99;-99;-99;-99;-99;-99
1195;4;5;4;5;-99;-99;-99;-99;-99;-99;-99;-99
1196;4;4;3;5;5;4;5;4;-99;-99;-99;-99
1197;4;4;4;3;-99;-99;-99;-99;-99;-99;-99;-99
1198;5;5;5;5;5;5;5;5;-99;-99;-99;-99
1199;-99;-99;-99;-99;2;5;3;3;-99;-99;-99;-99
1200;3;4;4;5;-99;-99;-99;-99;-99;-99;-99;-99
1201;-99;-99;-99;-99;-99;-99;-99;-99;-99;-99;-99;-99
1202;5;4;5;5;-99;-99;-99;-99;-99;-99;-99;-99
1203;-99;-99;-99;-99;-99;-99;-99;-99;-99;-99;-99;-99
1204;-99;-99;-99;-99;4;3;3;4;-99;-99;-99;-99
1205;5;5;5;5;-99;-99;-99;-99;-99;-99;-99;-99
1206;5;3;5;2;-99;-99;-99;-99;-99;-99;-99;-99
1207;4;4;4;3;5;3;3;3;-99;-99;-99;-99
1208;-99;-99;-99;-99;5;5;5;5;-99;-99;-99;-99
1209;2;2;2;4;-99;-99;-99;-99;-99;-99;-99;-99
1210;3;4;4;3;3;4;4;4;-99;-99;-99;-99
1211;3;3;4;2;-99;-99;-99;-99;-99;-99;-99;-99
1212;3;3;3;3;3;2;2;2;-99;-99;-99;-99
1213;-99;-99;-99;-99;4;4;4;4;-99;-99;-99;-99
1214;3;4;4;5;-99;-99;-99;-99;-99;-99;-99;-99
1215;3;3;3;1;-99;-99;-99;-99;-99;-99;-99;-99
1216;5;5;5;4;-99;-99;-99;-99;-99;-99;-99;-99
1217;-99;-99;-99;-99;4;4;4;4;-99;-99;-99;-99
1218;5;5;5;5;-99;-99;-99;-99;-99;-99;-99;-99